Account,total_pnl,avg_daily_pnl,overall_winrate,avg_trades_day,total_trades,active_days,avg_size_usd,avg_buy_sell,total_fees_paid,max_drawdown,size_segment,frequency_segment,winner_segment,cluster,archetype
0x083384f897ee0f19899168e3b1bec365f52a9012,1600229.819979,800114.9099895,0.2157581691252728,1909.0,3818,2,15578.066878995556,0.6557532382781134,7405.312303999999,0.0,Large,Moderate,Inconsistent,1,
0x23e7a7f8d14b550961925fbfdaa92f5d195ba5bd,37706.173148,18853.086574,0.4831455208038494,1926.5,3853,2,2093.050795185572,0.7953330958292917,1867.0818207,0.0,Small,Moderate,Inconsistent,1,
0x271b280974205ca63b716753467d5a371de622ab,31763.088431,10587.696143666666,0.4101525821596244,382.0,1146,3,16282.920322769956,0.9899470896225908,3689.057039,0.0,Large,Infrequent,Inconsistent,1,
0x28736f43f1e871e6aa8b1148d38d4994275d72c4,132315.481685,66157.7408425,0.4382462457785591,6633.0,13266,2,508.4139635573343,1.021258284722152,2216.8242514509,0.0,Small,Frequent,Inconsistent,1,
0x2c229d22b100a7beb69122eed721cee9b24011dd,168627.984054,84313.992027,0.5041174876271167,1617.0,3234,2,3073.4131596983725,0.6056398513253953,3107.248,0.0,Small,Moderate,Inconsistent,1,
0x3998f134d6aaa2b6a5f723806d00fd2bbbbce891,-27704.567439,-4617.4279065,0.1941487277447162,102.83333333333331,617,6,5212.250799060605,833333333.6467596,121.82569038,-59349.677108,Large,Infrequent,Inconsistent,1,
0x39cef799f8b69da1995852eea189df24eb5cae3c,14456.919336000004,7228.459668000001,0.4235405579745203,1794.5,3589,2,4677.615483087406,0.7751299442147532,1458.65712607,-20526.462526,Mid,Moderate,Inconsistent,1,
0x3f9a0aadc7f04a7c9d75dc1b5a6ddd6e36486cf6,53496.247243,26748.1236215,0.4869481266941443,166.0,332,2,3562.32316586833,1.058258349841934,176.27417591699998,0.0,Mid,Infrequent,Inconsistent,1,
0x420ab45e0bd8863569a5efbb9c05d91f40624641,199505.592732,99752.796366,0.2300930232558139,191.5,383,2,5522.192161395349,0.3212550066734262,267.967088979,0.0,Large,Infrequent,Inconsistent,1,
0x430f09841d65beb3f27765503d0f850b8bce7713,416541.872341,104135.46808525,0.5795973900106022,262.75,1051,4,3111.6620970235917,22000000000.11772,689.765475,0.0,Mid,Infrequent,Consistent Winner,1,
0x47add9a56df66b524d5e2c1993a43cde53b6ed85,101965.643134,50982.821567,0.3518527444550567,4170.0,8340,2,518.0945601985864,0.9215820958948372,1217.5865550161002,0.0,Small,Frequent,Inconsistent,1,
0x4acb90e786d897ecffb614dc822eb231b4ffb9f4,674403.995032,337201.997516,0.4534279955910436,2067.0,4134,2,8721.255130770734,1.0782719143120352,7637.558733190001,0.0,Large,Frequent,Inconsistent,1,
0x4f93fead39b70a1824f981a54d4e55b278e9f760,301287.891529,75321.97288225,0.3396006216862706,1869.75,7479,4,14130.89672215,1.17815360436821,40077.954307,-25991.506339,Large,Moderate,Inconsistent,0,High-Volume Trader
0x513b8629fe877bb581bf244e326a047b249c4ff1,403501.648209,201750.8241045,0.2078068201488662,3000.0,6000,2,15783.011971052674,111500000000.42256,28169.11086769,0.0,Large,Frequent,Inconsistent,2,
0x6d6a4b953f202f8df5bed40692e7fd865318264a,108518.614902,54259.307451,0.6346153846153846,411.0,822,2,708.2712132167833,0.7654867256603297,157.6052249324,0.0,Small,Infrequent,Consistent Winner,1,
0x72743ae2822edd658c0c50608fd7c5c501b2afbd,425815.195065,212907.5975325,0.4773828241193218,567.0,1134,2,12204.608594261252,0.7667891801212396,1458.70487229,0.0,Large,Infrequent,Inconsistent,1,
0x72c6a4624e1dffa724e6d00d64ceae698af892a0,393683.014159,196841.5070795,0.2124028761618641,679.0,1358,2,2214.3003479174768,0.7997817620176892,281.23742016,0.0,Small,Infrequent,Inconsistent,1,
0x75f7eeb85dc639d5e99c78f95393aa9a5f1170d4,361576.6227,90394.155675,0.6525427199077096,2237.0,8948,4,2024.855107183806,0.9814241445970556,2437.68337168,0.0,Small,Frequent,Consistent Winner,1,
0x7f4f299f74eec87806a830e3caa9afa5f2b9db8f,14781.443047,14781.443047,0.4510939510939511,1554.0,1554,1,3643.361287001287,0.7923875432516813,771.08185496,0.0,Mid,Moderate,Inconsistent,1,
0x8170715b3b381dffb7062c0298972d4727a0a63b,196303.792847,98151.8964235,0.143815445026178,1535.5,3071,2,2291.492222949389,7500000000.235677,884.31820492,0.0,Small,Moderate,Inconsistent,1,
0x8381e6d82f1affd39a336e143e081ef7620a3b7f,64521.887634,32260.943817,0.1886073087515928,928.0,1856,2,3693.420606630493,4.089700996197147,3301.6167901400004,0.0,Mid,Moderate,Inconsistent,1,
0x8477e447846c758f5a675856001ea72298fd9cb5,77110.57877200001,25703.52625733333,0.3190429715073647,3738.6666666666665,11216,3,935.8498685293912,0.7066414059981607,2896.61064847,0.0,Small,Frequent,Inconsistent,1,
0x92f17e8d81a944691c10e753af1b1baae1a2cd0d,109197.778134,54598.889067,0.2331757331066723,1402.0,2804,2,3183.173862887803,4.621130666014482,2215.81566026,0.0,Mid,Moderate,Inconsistent,1,
0xa0feb3725a9335f49874d7cd8eaad6be45b27416,89495.52289600001,44747.761448000005,0.3693499526052079,6742.5,13485,2,1397.01478985394,1.636207577728168,2117.267163,0.0,Small,Frequent,Inconsistent,1,
0xa520ded057a32086c40e7dd6ed4eb8efb82c00e0,72846.484272,24282.161424,0.4773045688426012,139.0,417,3,3460.7354680222347,1.5553797466723156,189.93800451,0.0,Mid,Infrequent,Inconsistent,1,
0xae5eacaf9c6b9111fd53034a602c192a04e082ed,29677.264671,14838.6323355,0.4109311740890689,186.0,372,2,3230.1484251012143,1.753369272205762,389.27963061,0.0,Mid,Infrequent,Inconsistent,1,
0xaf40fdc468c30116bd3307bcbf4a451a7ebf1deb,21758.831753,10879.4158765,0.273015873015873,267.0,534,2,5151.995371428571,2.401315788595828,541.7456094464001,0.0,Large,Infrequent,Inconsistent,1,
0xb1231a4a2dd02f2276fa3c5e2a2f3436e6bfed23,2040922.426049,408184.4852098,0.3324063548057636,2882.0,14410,5,5106.900183817335,0.9013381168746224,15818.32713482,0.0,Mid,Frequent,Inconsistent,1,
0xb899e522b5715391ae1d4f137653e7906c5e2115,22488.500821,22488.500821,0.4386109962794543,4838.0,4838,1,22504.555828854896,0.9587044534409074,28643.173715,0.0,Large,Frequent,Inconsistent,0,High-Volume Trader
0xbaaaf6571ab7d571043ff1e313a9609a10637864,940157.212682,940157.212682,0.467531854648419,21190.0,21190,1,3210.775186408684,1.1200600300148953,8596.700755219,0.0,Mid,Frequent,Inconsistent,3,Active Trader
0xbd5fead7180a9c139fa51a103cb6a2ce86ddb5c3,337113.657216,168556.82860799998,0.2628939063619593,1239.0,2478,2,5414.876755980059,0.5678736529928345,4081.08131943,0.0,Large,Moderate,Inconsistent,1,
0xbee1707d6b44d4d52bfe19e41f8a828645437aab,811182.978768,405591.489384,0.47706197670905,18267.0,36534,2,2124.060565426036,0.6738659929263818,12024.32491156,0.0,Small,Frequent,Inconsistent,3,Active Trader
